id,first_taste,second_taste,third_taste,fourth_taste
0,cocoa,blackberry,full body,
1,cocoa,vegetal,savory,
2,rich cocoa,fatty,bready,
3,fruity,melon,roasty,
4,vegetal,nutty,,
5,oily,nut,caramel,raspberry
6,sweet,cocoa,tangerine,
7,sandy,nutty,cocoa,fig
8,cocoa,sour,intense tangerine,
9,mild tobacco,,,
10,mild fruit,strong smoke,,
11,green,nutty,cocoa,
12,sticky,red fruit,sour,
13,sticky,smokey,grass,
14,brief fruit note,earthy,nutty,
15,burnt rubber,alkalyzed notes,,
16,delicate,hazelnut,brownie,
17,astringent,nutty,chocolatey,
18,sliglty dry,papaya,,
19,nutty,mild choco,roasty,
20,harsh,leather,earthy,
21,mild profile,chocolaty,spice,
22,grainy texture,cocoa,sweet,
23,roasty,acidic,nutty,
24,burnt wood,earthy,choco,
25,sweet,chocolatey,vegetal,
26,sweet,dairy,spice,cocoa
27,alluring aroma,powdery,nutty,
28,yellow fruit,,,
29,intense,nutty,cherry,cocoa
30,hot cocoa,rich,molasses,
31,herbal,molasses,hammy,
32,orange,floral,lemon,
33,cocoa and powerful tang,,,
34,spicy and candy-like,,,
35,sweet,sublte strawberry,,
36,sandy,woody,spicy,sweet
37,basic,sweet,cocoa,woody
38,sweet,cocoa,rubbery,
39,unrefined,sweet,metallic,
40,roasty,nutty,coffee,
41,sandy,sweet,banana cream,
42,gritty,spice,cocoa,
43,strong pepper,musty,,
44,fatty,intense,woody,
45,hay,nut,berry,
46,sandy,dirt,ashey,
47,cardboard,dirt,roasty,
48,citrus,fatty,dairy,
49,roasty,sweet,savory,
50,nutty,roasty,odd dairy,
51,strawberry,cream,gateway,
52,sandy,green,floral,
53,sandy,sweet,nibby,
54,sandy,melon,banana,
55,sandy,sweet,roasty,
56,gritty,berry,mild bitter,
57,gritty,too sweet,fruit,
58,sandy,sweet,dairy,spice
59,grit,sweet,caramel,fruit
60,sweet,moldy,off,
61,dry,sweet,caramel,
62,powdery,sweet,molasses,
63,sandy,nutty,earthy,roasty
64,sandy,sweet,pungent,
65,sandy,sweet,sour,off
66,sweet,coarse,nutty,
67,spicy,strawberry,,
68,spice,nut,cocoa,fruit
69,waxy,nutty,mint,
70,sticky,nutty,high acidity,
71,hot spice,roasty,,
72,strong spice,intense pepper,,
73,orange,cinamon,,
74,woody,red berry,sour,
75,tart,lemon,smoke,
76,dry,chalky,fudge-like,
77,roasty,oddly sweet,marshmallow,
78,waxy mouthfeel,spicy,,
79,fatty,mushroom,off notes,
80,oily,vegetal,nutty,cocoa
81,oily,vanilla,melon,cocoa
82,rich,sour,mild smoke,
83,fruity,sour,,
84,high roast,high astringnet,,
85,smokey,savory,,
86,sandy,roasty,nutty,
87,roasty,brownie,nutty,
88,red wine,rich cocoa,long,
89,creamy,fruit,cocoa,
90,fruity with coffee notes,,,
91,coffee,fruit,woodsy,
92,fatty,dairy,caramel,cocoa
93,creamy,earthy,vegetal,
94,sandy,woody,spicy,
95,creamy,raspberry,nutty,
96,sweet,delicate,complex,
97,vanilla,mint,roasty,
98,vanilla,nuts,roasty,
99,nutty,mild roasty,vanilla,
100,nut,fatty,rubbery,rich
101,creamy,sweet,cocoa,banana
102,very sweet,bright red,banana,
103,roasty,fatty,nutty,coffee
104,creamy,red berry,bitter,
105,grainy,sweet,poor aftertaste,
106,chalky,mild fruit,burnt,
107,light roast,caramel,cocoa,
108,sandy,fruity,short,
109,nutty,mild spice,mild earthy,
110,bitter,floral,leather,
111,earthy,sour milk,leather,
112,creamy,sticky,peanut butter,
113,spicy,cocoa,,
114,floral,strawberry,metallic,
115,creamy,rich,rum,roasty
116,floral,nutty,rich cocoa,
117,spicy,brownie,nutty,
118,intense,floral,bourbon,
119,strawberry,butterscotch,off,
120,floral,chemical off,,
121,balanced,cherry,choco,
122,creamy,complex,balanced,
123,appealing smoke,woody,,
124,muddy,rich cocoa,raspberry,
125,dark berry,chocolatey,,
126,delicate,simple,,
127,cashew,roasty,chunky melt,
128,subtle,mysterious,,
129,nutty,green,,
130,sticky,floral,roasty,
131,chewy,mild floral,,
132,smoke,hammy,cocoa base,
133,earthy,nutty,cardboard,
134,creamy,bright fruit,,
135,long lasting,cocoa,,
136,slight roasty,basic cocoa,,
137,sour fruit,,,
138,rich cocoa,mild roasty,,
139,dried fruit,fig,anise,
140,smooth,nutty,cocoa,
141,nuts,dried fruit,short,
142,herbs,mushroom,acidic,
143,burn butterscotch,rubbery,,
144,smooth,vegetal,,
145,roasty,rich cocoa,,
146,melon,late hammy,,
147,cocoa,earthy,hammy,
148,spicy,minty,vegetal,
149,spice,cocoa,short,
150,sl. bitter,cherry,rich,
151,spicey,mild metallic,,
152,gritty,very smokey,sour,
153,oily,nutty,burnt,sour
154,cocoa,dominate off note,,
155,grassy,black licorice,mint,
156,black pepper and banana,,,
157,chewy,grassy,nutty,
158,unrefined,distinct spicey,,
159,nuts,butterscotch,brownie,
160,blackpepper,chemical,rubber,
161,marshmallow,roasty,nutty,
162,gritty,nutty,,
163,creamy,marshmallow,off,
164,smooth,astringent,cocoa,
165,leather,black licorice,off,
166,strawberries,mild tart,roasty,
167,creamy,woody,cocoa,
168,grapes,woody,roasty,
169,creamy,rich,blueberry,
170,off aroma,vegetal,honey,sandy
171,long,bright fruit,sweet,sour
172,waxy,dried fruit,,
173,sandy,roasty,nutty,
174,sandy,vanilla,,
175,unrefined,flat,grassy,
176,chalky,intense,chemical,
177,chalky,fragrant,then off,
178,smoke,ham,papaya,
179,coarse,smokey,metallic,
180,bland,sugary,large grits,
181,black pepper,cardamom,,
182,molasses,caramel,pungent,
183,base cocoa,mild fruit,roasty,
184,bitter,fatty,mild fruit,
185,gritty,fatty,sour,off
186,raspberry,mild sour,,
187,molasses,toffee,coffee grounds,
188,complex,black pepper,coffee,
189,creamy,rounded,orange,
190,intense,smokey,dried fruit,
191,slightly dry,cocoa,berry,
192,intense,tangy,alcohol,
193,gritty,floral,vanilla,
194,strawberry,candy flavor,,
195,creamy,sweet,fudgey,
196,sandy,floral,sweet,
197,strong vanilla,off notes,,
198,smokey,woody,tobacco,
199,caramel,spice,earthy,
200,intense,bitter,dry,
201,sandy,sweet,molasses,
202,intense,floral,black pepper,
203,intense floral,bitter,earthy,
204,dry,cinamon,nutmeg,
205,pastey,nutty,,
206,intense,smokey,,
207,sticky,moss,nuts,
208,sticky,delicate,melon,
209,caramel,mild dried fruit,,
210,oily,complex,pungent,
211,high acidity,nutty,roasty,
212,balanced,complex,berry,
213,sweet,nibby,green,
214,unbalanced,tangy,pungent,
215,gummy,roasty,fatty,
216,gummy,fatty,sour,
217,off aroma,smokey,off note,
218,smokey,raspberries,cocoa,
219,intense,red berry,strawberry,
220,cinamon and nutmeg,,,
221,tobacco,dairy,sour,
222,mocha,intense,sweet,
223,nutty,roasty,dairy,
224,sweet,vanilla,cocoa,
225,ham-like,smokey,banana,
226,dark cocoa,spicy pepper,,
227,creamy,macadamia,pepper,
228,nutty,light toffee,mild musty,
229,creamy,nutty,cocoa,
230,creamy,banana,rich,
231,chunky,nutty,banana,
232,bitter then nutty rustic,earthy,,
233,mild bitter,diluted,vanilla,
234,bitter,molasses,flour,
235,molasses,metallic,earthy,
236,sour,tart,molasses,
237,smooth texture,earthy,nutty,
238,gritty,spicy,earthy,
239,fatty,bland,nutty,
240,nutty,astringent,,
241,intense,rum,tea,
242,rich cocoa,red berry,sour,
243,nutmeg,sour,,
244,intense marshmallow,cocoa,,
245,chocolate covered cherries,,,
246,rustic,red berry,woody,
247,chalky,strong,harsh smoke,
248,robust,cocoa,fruity,
249,dry,cardamom,medicinal,
250,red berry,strong wine,sour,
251,nutty,mild bitter,,
252,pastey,off spicey,nutty,
253,roasted nuts,rich,roasty,
254,sweet,sour milk,,
255,floral,molasses,chemical,
256,molasses,earthy,spicy,
257,off,rubbery,burnt molasses,
258,rich,leather,woodsy,
259,unrefined,fruity,,
260,sweet grass,muted spice,,
261,fatty,nutty,,
262,oily,flat,woody,sour
263,complex,fruity,mild bitter,
264,gritty,tart red berry,powerful,
265,chewy,complex,black pepper,
266,sandy,tart,sour,sweet
267,bready,melon,,
268,astringent,sour,coffee,
269,roasty,coffee,earthy,
270,pungent off flavor,,,
271,grassy,savory,sour,
272,sweet,fruit,chemical off note,
273,sweet,dirty,off notes,
274,creamy,fatty,floral,
275,creamy,coconut,tang,
276,spice,woodsy,long lasting,
277,sandy,creamy,berry,
278,mellow,tart,coffee,
279,vegetal,dominant tobacco,,
280,dry,floral,bitter,
281,creamy,strawberry,nutty,
282,oily,intense cocoa,sl. Burnt,
283,mild bitter,nut,possible mold,
284,fatty,roasty,earthy,
285,flat,bread,earthy,
286,grassy,black pepper,,
287,fatty,spicy,gentle roast,
288,chunky,very grassy,mild mint,
289,fatty,raisin,grape,
290,roasty,woody,mint,
291,creamy,cocoa,smokey,
292,oily,fatty,rich,nutty
293,oily,creamy,woody,
294,oily,roasted nuts,rich cocoa,
295,fatty,roasty,black pepper,
296,creamy,homey,nutty,
297,complex,brownie,mint,spice
298,roasty,tobacco,earthy,
299,heavy roast,fatty,gateway,
300,oily,subtle,mild coffee,
301,creamy,rich,complex,
302,sticky,lavendar,molasses,
303,spicy,banana,,
304,sweet,rich mocha,acidic,
305,balanced,floral,honey,
306,fatty,brownie,nutty,
307,intense,cooked banana,,
308,intense,alocohol,floral,
309,oily,vanilla,caramel,dairy
310,intense,raisins,roasty,
311,intense,cocoa,complex,
312,complex,brownie,lime,rich
313,simple,rich cocoa,,
314,nutty,slight hammy,rich,
315,sandy,floral,honey,
316,earthy,cherries,,
317,nuts,fruit,,
318,tart,tea,leather,sour
319,bitter,dark berry,fatty,
320,mild smoke,raisins,coffee,
321,citrus,sweet,cocoa,
322,roasty,sweet,brownie,
323,bitter,tart,acidic,
324,chalky,sandy,tart,bland
325,spicy,black pepper,banana,
326,floral,banana,,
327,sweet,mild molasses,bland,
328,fatty,sweet,metallic,
329,powdery,floral,molasses,
330,gritty,sweet,brownie,
331,roasty and under refined,,,
332,dirt,earthy,floral,
333,floral,mild citrus,orange,
334,high roast,coffee,spicy,
335,roasty,fruit,mild metallic,
336,coffee,high roast,spicy,
337,sweet,sour dairy,,
338,smokey,sour,,
339,base cocoa w/ palm notes,,,
340,molasses,sour notes,,
341,subtle but refreshing,,,
342,vegetal,unique,,
343,off pungent,grassy,melon,
344,dirt,floral,sweet,
345,creamy,burnt wood,,
346,oily,buttery,intense,
347,over roasted,bitter,nutty,
348,roasty,almost burnt,intense,
349,creamy,woody,cocoa,
350,sandy,dairy,cocoa,
351,dry,flat flavor,astringent,
352,spice,fruit medley,roasty,
353,gritty,sweet,citrus,
354,light color,creamy,hazelnut,
355,light color,dirty,astringent,
356,light color,dirty,musty,
357,fruity,nutty,brownie,
358,bright fruit,strawberry,,
359,nutty,intense,leathery,
360,intense,earthy,fuel,
361,assertive,fruity,acidic,
362,intense,black licorice,nutty,
363,spicy,nutty,ends sour,
364,sandy,chalky,earthy,
365,raspberry,dirty,sour,
366,high astringent,sandy,grass,
367,intense,marshmallow,fruit,
368,earthy,woody,smoke,
369,intense,spice,,
370,green,vegetal,soil,fuel
371,rich,nutty,acidic,
372,distinct,short,dried fruit,
373,mild cocoa,astringent,,
374,deep cocoa,fatty,dairy,
375,creamy,blueberry,black pepper,
376,rustic,gritty,sweet,fruit
377,rustic,sweet,one dimensional,
378,oily,cherry,rich cocoa,
379,distinct lemon,,,
380,creamy,nutty,banana,rich
381,creamy,mild spice,cocoa,
382,creamy,mild spice,hazelnut,
383,creamy,earthy,dark roast,
384,gritty,fudge-like,nutty,
385,intense,roasty,rich cocoa,
386,silky,Andes mint,off nutty,
387,rich,cherries,acidic,
388,balanced,dairy,spicy,
389,dried fruit,sour,nutella,
390,sour milk,off,late tart,
391,ripe grapes,very acidic,,
392,gritty,molasses,,
393,sandy,sweet,bold citrus,
394,dry,spicy,fruity,
395,cloying,fatty,bitter,
396,klingy,hint of fruit,very bitter,
397,burnt coffee,fatty,,
398,burnt up front,,,
399,nutty,ashey,coffee,
400,fatty,controlled bitter,fruit,
401,oily surface,berry,cream,
402,intense,fatty,brownie,
403,intense,ashey,earthen,
404,dairy,chocolate,mild fruit,
405,strong nutty with off notes,,,
406,sandy,bold,cherry,
407,sweet,acidic,fatty,
408,nutty,burnt,fuel,
409,sandy,sweet,spicy,
410,sticky,sweet,grassy,
411,sweet,floral,yogurt,
412,crumbly,cinamon,,
413,perfume,chemical off note,,
414,grainy,intense,bitter,
415,tart,malt,mild smoke,
416,mild smoke,melon,,
417,fatty,woody,coffee,
418,fatty,fruit,muted,
419,woody,spicy,tobacco,
420,acidic,astringent,spicy,
421,floral,earthy,acidic,
422,overly sweet,mild spice,,
423,sweet,grassy,nutty,
424,nutty,grain,late choco,
425,mild smoke,sweet edge,,
426,sweet,marshmallow,,
427,off notes,vanilla,,
428,molasses,rich,vegetal,
429,sandy,intense,sweet,rich
430,sandy,mild intensity,fruit,
431,sandy,nutty,cocoa,
432,sandy,molasses,spice,
433,sandy,tobacco,molasses,
434,mild metallic and spice,,,
435,molasses,cocoa,,
436,sandy,fruity,acidic,metallic
437,caramel,molasses,fruit,
438,caramel,sweet,delicate,
439,soapy,earthy,,
440,med roast,grassy,dried fruit,
441,roasty,black pepper,nutty,
442,nutty,floral,roasty,
443,bright fruit,molasses,nutty,
444,nutty,roasty,caramel,
445,smooth,caramel,dried fruit,
446,smooth,mellow,floral,
447,creamy,woody,slight cherry,
448,mild fruit,off notes,,
449,nutty,roasty,smokey,
450,burnt rubber,leather,,
451,sandy,roasty,coffee,
452,dark roast,rich cocoa,,
453,butter,roasty,cocoa,nutty
454,slightly metallic,woody,berry,
455,dry,sandy,cocoa,
456,very sweet,very spicey,,
457,green,leafy,,
458,spicy,chocolatey,atypical,
459,sl. chalky,floral,pure,
460,floral,earthy,,
461,powdery,bland,mild choco,
462,bland,mild choco & leather,,
463,high roast,banana raspberry,,
464,roasty,sour milk,off note,
465,chunky,spicy,rubbery,
466,grassy,rubbery,,
467,flat,floral,medicinal,
468,flat,metallic,floral,
469,spicy,earthy off notes,,
470,sugar dominates,molasses,,
471,mild,fruity then nutty,,
472,mild,earthy,grassy,
473,sticky,bitter,molasses,tart
474,sticky,coconut,sour,bitter
475,molasses,tart,floral,
476,gritty,sweet,molasses,
477,sandy,rich,roasty,earthy
478,gritty,nutty,caramel,
479,roasty,cocoa,molasses,
480,nutty,roasty,bitter,
481,gritty,molasses,earthy,
482,unrefined,odd,vegetal,
483,nuts,coffee,peanut butter,
484,bold,rich cocoa,coffee,
485,earthy,coffee,mild,tang
486,tart,bright fruit,sour coffee,
487,sandy,sweet,cocoa,
488,sandy,fruity,burnt,
489,intense orange,floral notes,,
490,floral,orange,cocoa,
491,mild bitter,fruit,spice,
492,nutty,honey,grassy,
493,fatty,vanilla,mass market,
494,high astringent,fruit,roasty,
495,sandy,sweet,,
496,sandy,tart,ham,sweet
497,sweet,marshmallow,,
498,earthy,floral,mild bitter,
499,sweet,cardboard,,
500,long lasting,cocoa base,,
501,chewy,fudge-like,perfume,
502,oily,grassy,minty,
503,spicey,cocoa,,
504,earthy,sweet,,
505,coarse,sweet,sour,leathery
506,gritty,mild bitter,off notes,
507,oily,muted,fruity,
508,roasty,tart,slight burnt,
509,slow,fatty,subdued,nutty
510,fatty,cigarette butt,coffee,
511,dry,ashey,medicinal,
512,gritty,sweet,hot cocoa,
513,grainy,sweet,whole bean,
514,sweet,sandy,spicy,
515,bold,spice,hit of anise,
516,creamy,dried fruit,nutty,
517,smooth,spicy,cocoa,
518,rich cocoa,floral,acidic,
519,basic cocoa,mild fruit,sweet,
520,cocoa,woody,basic,
521,roasty,hammy,nutty,
522,sweet,peanut butter,,
523,red berry,bitter,roasty,sour
524,dry,sandy,cocoa,coffee
525,bitter,light lime,sour,
526,short,mild cocoa,mild fruit,
527,creamy,floral,bourbon,
528,balanced,anise,creamy,
529,raw,dirty,metallic,dry
530,berry,spices,smoke,
531,bold,roasty,sticky,brownie
532,woody,nutty,off sour note,
533,creamy,woodsy,cocoa,
534,intense,tangy,berry,sour
535,lemon,sour,slight metallic,
536,dark berry,winey,,
537,slow,less intense berry,nutty,
538,woodsy,nutty,,
539,creamy,buttery,non descript,
540,coffee and cocoa,,,
541,oily,fatty,rum,
542,oily,coffee,,
543,fruity,bland,,
544,dry,spicy,woody,
545,harsh aroma,melon floral,off,
546,creamy,nutty,cocoa,
547,silky,minty,,
548,sandy,sweet,tart red berry,
549,oily,fragrant,spciy,
550,oily,rich cocoa,nutty,
551,sandy,sweet,nutty,
552,spice,roasty,off fatty note,
553,sandy,sweet,smokey,
554,acidic,sweet,cucumber,
555,sandy,sweet,spicy,roasty
556,banana nut,,,
557,true to sugar,molasses,,
558,creamy,complex,fruity,
559,oily,mild bitter,nutty,fruit
560,banana,spicy,grassy,
561,deep cherry,earthy,rubbery,
562,nutty,citrus,,
563,vanilla,banana,citrus,
564,sandy,candy like vanilla,off,
565,hammy,sour,astringent,
566,floral,banana,,
567,floral,sour,synthetic,off
568,oily,grapes,pungent,
569,off,pungent,intense,
570,sweet,vinegar,,
571,spicy,fudgey,,
572,grassy,green,candy spice,
573,dried fruit,tannic,,
574,roasty,oreo shell,coffee,
575,mild smoke,raspberry,cocoa,
576,licorice,sour,rich cocoa,
577,acidic,sour,cocoa,
578,cherry,rich choco,,
579,heavy roast,blackberry,,
580,gummy,nutty,bourbon,
581,roasty,spicy,nutty,
582,intense,roasty,coffee,raisin
583,cherry,rich choco,,
584,cocoa,sour,toffee,earthy
585,ripe orange,citrus,,
586,nutty,moderate acidity,,
587,vegetal,high astringency,,
588,green apple,sticky,,
589,grassy,fruity,brownie,
590,brownie,red berry,,
591,cocoa flavor dominates,,,
592,wood,holiday spice,soap,
593,dark woody,plum,astringent,
594,oily,dried fruit,vanilla,
595,sweet spice,floral,,
596,spicy,,,
597,oily,toffee,hints of fruit,
598,nutty,ashey,spicy pepper,
599,gummy,fatty,caramel,
600,fatty,sunflower,peanutbutter,
601,floral,licorice,roasty,
602,raisins,astringent,,
603,nut,tobacco,burnt,off notes
604,muted,creamy,basic cocoa,
605,muted,creamy,grapes,fatty
606,roasty,nutty,sweet,
607,bold,floral,rum,
608,sweet,strong sour,acidic,
609,intense,sweet,brownie,
610,mild cherry,fatty,,
611,nice melt,odd rubber notes,,
612,chalky,vanilla,caramel,
613,fatty,powdery,nut,sl. Burnt
614,vanilla,fatty,basic cocoa,
615,texture issues,brownie,,
616,one dimensional,brownie,,
617,high roast,fruit,,
618,high roast,intense,fatty,
619,dark coffee,cocoa,,
620,cinamon,nutmeg,coffee,
621,nutty,simple,sweet,
622,waxy,tobacco,smokey,
623,mild mint,basic cocoa,,
624,sandy,cloying,rich cocoa,
625,fatty,rich cocoa,roasty,
626,smokey,chalky,berry,caramel
627,mild bitter,fatty,grassy,
628,dirty,floral,unrefined,
629,metallic,dirt/ earthy,,
630,vanilla,chemical,rubber,
631,smokey,roasty,acidic,rich
632,red berry,lingering coffee,,
633,sticky,woodsy,rum,
634,intense fruit,bitter ending,,
635,grassy,tea,late sour,
636,earthy,tart,sour,
637,sandy,flat,hint of berry,
638,sticky,very roasty,nutty,
639,dry,mint,medicinal,
640,butter,floral,rum,
641,oily,black pepper,roasty,
642,mild fruit and spice,roasty,,
643,sticky,rich,cherry,
644,tropical berry,intense,,
645,well defined,creamy,cherry,
646,blackberry,raisns,,
647,sticky,roasty nibs,grapes,
648,cocoa,tea,malt,
649,creamy,sticky,dried fruit,
650,sticky,dried fruit,toast,cocoa
651,burnt honey,earthy,,
652,complex,sweet,sour,grassy
653,bland,fatty,fruit,
654,cocoa,raw,dirty,chemical
655,late cocoa,harsh,off notes,
656,nutty,caramel,toffee,
657,mild cherry,earthy,,
658,fatty,rasin,nutty,
659,intense,spicy,floral,
660,acidic,astringent,unpleasant,
661,sticky,floral,,
662,creamy,basic cocoa,,
663,floral,olive,,
664,long lasting,fruit,,
665,creamy,complex,coffee,
666,creamy,nuts,woody,cocoa
667,creamy,mint,tobacco,olive
668,creamy,smokey,tobacco,
669,fruity,basic cocoa,,
670,smooth,banana,cocoa,
671,sticky,smoke,ham,earthy
672,mild spice,licorice,,
673,sticky,olive,,
674,sticky,grassy,coffee,
675,cucumber,hot spices,,
676,creamy,woody,earthy,
677,subtle,caramel,sour milk,
678,smooth,intense,smoke,nut
679,creamy,coffee,caramel,
680,sticky,nutty,,
681,floral,well developed,creamy,
682,nutty,strawberry,creamy,
683,creamy,sticky,fruit,
684,bitter,molasses,marshmallow,
685,fruity,molasses,,
686,burnt rubber,molasses,,
687,licorice,molasses,rubber,
688,near perfect shine,cocoa,,
689,molasses,fruit,,
690,molasses notes from sugar,,,
691,dry,cocoa,grassy,spicy
692,dry,sour,sweet,mild fruit
693,dry,earthy,walnut,
694,rich cocoa,fruity,strong floral,
695,dark forest berry,spice,,
696,caramel and cocoa,,,
697,chalky,bread,dirt,
698,dried fruit,grapes,sour,
699,heavy roast,woody,berry,
700,intense cocoa,,,
701,intense,almond,coffee,
702,licorice,leathery,,
703,creamy,nutty,,
704,black pepper,rich,intense,
705,sandy,full bodied,spicy,
706,intense,spicy,butterscotch,
707,candy like off flavor,,,
708,intense earthy,cocoa,roasty,
709,cocoa,honey,watery,sweet
710,coarse,earthy,mild banana,
711,blackberry and cinnamon,,,
712,sandy,orange,butterscotch,
713,fatty,roasty,intense brownie,
714,dates,acidic,rich cocoa,
715,cherry,earthy,tobacco,
716,smoth,dense,grape,
717,spicy,cocoa,,
718,ultra fruity,,,
719,waxy,spicy,tobacco,
720,dried fruit,strong floral,,
721,mild,dried fruit,chocolate,
722,buttery,burlap,,
723,nutty,almond butter,,
724,dry,gritty,cardboard,nutty
725,lemon,tart,burnt,chemical
726,nutty,rich,red berry,
727,gritty,chalky,earthy,sour
728,muted,cherry,banana,
729,sandy,banana,sour,
730,gritty,sweet,banana,smoke
731,sandy,bold,cherry,peanut butter
732,very sweet,marshmallow,,
733,spicy,caramel,vanilla,
734,cocoa,fig notes,,
735,sandy,tannic,earthy,
736,low refinement,too sweet,,
737,brownine,nutty,,
738,coarse,woody,roasty,
739,simple,mild cocoa,fruit,
740,spicy,sweet,,
741,fruity,roasty,,
742,earthy,floral,cocoa,
743,carrots,heavy roast,,
744,intens,brownie,spicy,metal
745,muddy,rainins,nut,rubbery
746,fruit,dirty,,
747,dirty,earthy,burnt,honey
748,spicy,green,long,intense
749,grit,smoke,wood,blackberry
750,mild bitter,smoke,hammy,
751,woody,cocoa,,
752,hazelnut,fruit,slight bitter,
753,sweet,vanilla,sticky,
754,sticky,slight plum,medicinal,
755,nutty,ginger,off notes,
756,sweet,vanilla,mild banana,
757,gritty,overyly sweet,fruit punch,
758,grits,very sweet,banana,
759,strong vanilla,strawberry,nut,
760,gritty,sweet,vanilla,woody
761,coarse,mild bitter,raisin,
762,spicy,roasty,mild bitter,
763,mild fruit,earthy,,
764,prominent plum note,,,
765,dominated by heavy roast,,,
766,perfume,floral,vanilla,
767,roasty,spicy,nutty,
768,metallic,off notes,powdery,
769,fatty,sandy,nutty,off notes
770,complex,raspberry,cocoa,
771,fatty,rich,spice,nutty
772,basic cocoa,short length,,
773,creamy,floral,complex,
774,creamy,roasty,cocoa,
775,malitol,cocoa,,
776,spicey,marshmallow,,
777,sandy,sweet,mild fruit,
778,molasses,licorice,bitter,
779,intense,molasses,bitter,
780,intense,molasses,sweet,
781,fruit,cocoa,fatty,
782,banana,bland,sour,off
783,off,hammy,roasty,
784,nutty,melon,vinegar,
785,cherry,cocoa,creamy,
786,caramel,acidic,creamy,
787,plums,cocoa,,
788,creamy,honey,mild hammy,
789,roasty,simple,,
790,high acidity,bitter,nutty,
791,hammy,dried fruit,,
792,hammy,large grits,,
793,muted,mild sweet cocoa,,
794,fruit,spicy mild molasses,,
795,molasses,sour notes,,
796,coconut,true to sugar bar,,
797,strong vanilla,earthy,nutty,
798,vanilla,dried fruit,nuts,
799,gummy,sandy,complex,
800,sticky,floral,,
801,gummy,bland,sour,
802,roasty,hazelnut,cocoa,
803,sandy,dried fruit,roasty,
804,nuts,sour milk,,
805,sandy,powdery,late sour,
806,coffee,acidic,astringent,
807,roasted nuts,citrus,creamy,
808,sticky,dried sour fruit,roasty,
809,floral,orange,cocoa,
810,fig,mild anise,,
811,nutty,bland,late sour,
812,off,tropical,vegetal,rubbery
813,honey,mild floral,mild off,
814,fruit,smokey,mocha,
815,dirty,roasty,acidic,
816,nutty,dried fruit,,
817,grits,hazelnut,rum,
818,caramel,dairy,,
819,intense,tobacco,nuts,
820,nutty,,,
821,dried fruit,large grits,,
822,large grits,,,
823,sl. dry,gritty,fruity,nuts
824,large grits,sweet,,
825,coarse,hazelnut,peanut,
826,banana,,,
827,few grits,spicy,cocoa,
828,very coarse,intense,spice,
829,intense,bitter,off notes,
830,coarse,perfume,heavy roast,
831,choco covered strawberry,,,
832,olive,rum,,
833,fruit,cough medicine,,
834,sandpaper,some fruit,bitter,
835,spice,citrus,sweet,
836,sweet,tobacco,,
837,mild bitter,roasty,red berry,
838,roasty,grapes,rich brownie,
839,slight dry,citrus,grapefruit,
840,tea,spicy,sweet,
841,complex,mild licorice,spice,
842,creamy,roasty,tobacco,
843,creamy,simple,nutty,
844,slightly burnt,earthy,,
845,tart,roasted cocoa,,
846,red berry,some roasty notes,,
847,woody,grassy,long,
848,grassy,brownie,astringent,
849,spicy,cocoa,,
850,bready,nutty,earthy,intense
851,sandy,cocoa,red fruit,
852,mild bitter,mild cocoa,roasty,
853,woody,red fruit,sour,
854,caramel,nuts,dried fruit,
855,tart,red berry,smoke,
856,mild smoke and fruit,,,
857,smoke,fruit,sour,hammy
858,sandy,smoke,red berry,
859,chocolate covered banana,,,
860,blackberries,caramel,roasty,
861,cocoa and fresh grapes,,,
862,mildly burnt caramel,,,
863,orange,mellow but flavorful,,
864,fruity,floral,caramel,
865,slow develop,caramel,roasty,
866,light color,leathery flavor,,
867,long lasting,fruit,spicy,
868,rich cocoa,mild,fatty,
869,rich cocoa,nuts,,
870,complex,nuts,spice,floral
871,roasty,mild fatty,,
872,creamy,simple,strong choco,
873,creamy,fragrant,,
874,banana,yogurt,cocoa,
875,spice,fatty,mild cocoa,
876,strong fruit,ham,deep cocoa,
877,vegetal,herbs,raw,
878,creamy,black pepper,nut,
879,honey,deep cocoa,,
880,banana,dairy,cocoa,
881,strong cocoa,orange citrus,,
882,cocoa,savory,,
883,black pepper,high astringency,,
884,unique flavor,floral-spice mix,,
885,delicate,balanced,,
886,woody,grassy,spicy,
887,high acidity,grassy,,
888,sweet,metallic,,
889,floral,sticky,,
890,tobacco,woody,wild berry,
891,roasty,fatty,woody,
892,fatty,leathery,earthy,
893,oily,gritty,savory,
894,intense olive,citrus,vegetal,
895,spicy,earthy,,
896,oily,fatty,bold olive,
897,baked bread,,,
898,oily,burnt black pepper,,
899,mild fatty,nutty,roasty,
900,oily,spicy,sour,
901,oily,sweet,dairy,bland
902,cocoa,spicy,sweet,
903,fatty,sweet,vanilla,
904,oily,tart,chlorine,
905,dried fruit,intense,,
906,sandy,sweet,molasses,floral
907,delicate,hebs,choco,
908,acidic,undefined,brownie,off
909,oily,dried fruit,leather,
910,oily,tropical,,
911,balanced,fruit,nut,roasty
912,black current,bitter,astringent,
913,dried fruit,cocoa,,
914,grainy texture,sour,hammy,
915,accessible,sweet,sandy,
916,cheesy off flavor,,,
917,gritty,ambiguous,,
918,cocoa and coconut,,,
919,sticky,spice,roasty,earthy
920,deep cocoa,fruit,spice,
921,red fruit,tart,fat,leathery
922,sandy,sweet,candy tart,
923,chewy,woody,rustic,
924,fatty,creamy,roasty,
925,dry,grainy,spicy,roasty
926,earthy,roasty,strong vanilla,
927,mild woody,black licorice,,
928,mild strawberry,cocoa,,
929,poor texture,earthy,,
930,floral,rubbery,woody,
931,acidic,mildly burnt,metallic,
932,sweet edge,bright fruit,sour,
933,mild molasses,rich,gateway,
934,sour off flavor,nutty,earthy,
935,creamy,fig,,
936,fruit,tart,rubber,
937,fatty,vanilla,dairy,
938,mildly rich,basic,roasty,
939,rich,coffee,cherry,
940,sour grapes,pungent,ashey,
941,very sour,grassy,fatty,
942,very sweet,coffee,mild sour,
943,chunky,muted,mild bitter,
944,mild nutty,spicy,brownie,
945,sl. sweet,nutty,off note,
946,hot cocoa,very nutty,,
947,light perfume,mild,sweet,
948,gritty,roasty,strong coffee,
949,earthy,chemical or burnt note,,
950,creamy,sweet,blueberry,
951,creamy,blackberry,,
952,sweet,rich cocoa,mild citrus,
953,creamy,sweet,floral,vanilla
954,fatty,cocoa,fruity,
955,sweet,creamy,vanilla,
956,creamy,sandy,nutmeg,moss
957,creamy,nutty,,
958,sweet,vanilla,rich,
959,perfume,vanilla,,
960,complex,fruit,nut,raisin
961,sweet,mild lemon,,
962,bitter,fatty,fruit,
963,creamy,mild tobacco,ham,
964,sweet,creamy,floral,orange
965,dry,sticky,brownie,
966,dutched?,intense,rich cocoa,
967,very spicy,roasty,,
968,sweet,vanilla,cocoa,
969,creamy,sl. Burnt,roasty,
970,floral,over roasted,harsh,
971,nutty,black licorice,,
972,sandy,intense,cherry,
973,chalky,berry,cocoa,
974,muted,mild fruit,sweet,
975,fatty,nutty,earthy,
976,sandy,roasted vegetal,,
977,smokey,cherries,sour,
978,XL nibs,sour,cardboard,
979,molasses,sweet,long,cocoa
980,buttery,floral,burnt,
981,chewy,fatty,sweet,nutty
982,overyly sweet,banana,yogurt,
983,rich chocolate,sweet edge,,
984,rich chocolate,sandy texture,,
985,sandy,sweet,dried fruit,
986,powdery,rich,coffee,roasty
987,flat,late tart notes,,
988,sandy,brownie,coconut,
989,sandy,sweet,cocoa,
990,earthy,dirty,dried fruit,
991,cocoa,fatty,fruit,
992,pungent,chemical,,
993,powdery,vanilla,artificial,
994,nutty,sweet,fatty,sandy
995,rubber,fatty,sandy,grape
996,sandy,fatty,chemical,
997,pungent raisin,metallic,,
998,mostly earthy,mild dried fruit,,
999,nutty,butterscotch,,
1000,spicy,intense,fades fast,
1001,full flavor spectrum,,,
1002,woody,earthy,medicinal,
1003,astringent,smoke,cream,
1004,floral,,,
1005,strong floral,black licorice,,
1006,dark berry,honey,cream,
1007,creamy,mild nutty & woody,,
1008,sandy,sweet,mild fruit,
1009,too sweet,spicy,candied,
1010,floral,palm,sour,
1011,palm,spicy,flour,
1012,sandy,tart,tangy,palm
1013,intense,palm,nutty,
1014,intense,palm,earthy,
1015,fruity,tannic,coconut,
1016,lemon,late sour & molasses,,
1017,sour,citrus,molasses,
1018,harsh flavor,hay,,
1019,light color,sour,pungent,
1020,mild caramel,honey,,
1021,intense,bitter,coffee,
1022,sour,earthy,,
1023,nutty,off notes,,
1024,butterscotch,burnt cinnamon,,
1025,high acid,sweet,nut,strawberry
1026,dry,nutty,sweet,
1027,dry,intense floral,spciy,
1028,dry,floral,slight musty,
1029,sandy,perfume,nutty,
1030,perfume,burning,,
1031,red berry,cocoa,mild coffee,
1032,coffee,red berry,tart,
1033,sandy,red berry,sour,
1034,dry,sour,cheesey,off
1035,floral,roasty,coffee,
1036,rich cocoa,fatty,,
1037,creamy,nutty,tea,fatty
1038,muted,fatty,nutty,
1039,sour,raw,green,
1040,true to sugar,green,fatty,
1041,cardamon,,,
1042,smoke,cocoa,fruit,fuel
1043,dry,woody,dried fruit,
1044,sour raisin,woody,fatty,
1045,fatty,mild bitter,banana,
1046,grassy,tobacco,intense,
1047,fungal,mushroom,mild burn,
1048,sandy,sweet,mild cocoa,
1049,ashey,woody,bright red,
1050,sweet,cocoa,grassy,
1051,mild bitter,floral,,
1052,woody,nutty,short,
1053,sweet,red berry,sour,
1054,tart,fruity,intense,
1055,oily,spicy,sl. Burnt,
1056,sandy,vegetal,sour,
1057,oily,leathery,intense bitter,
1058,nutty,mild coffee,,
1059,candy,uncontrolled bitterness,,
1060,nutty,coffee,rich,
1061,fatty,gritty,roasty,
1062,raisins,rich choco,,
1063,spicy,mild fruit,fatty,
1064,intense,cherry,metallic,
1065,woody,floral,metallic,
1066,earthy,metallic edge,,
1067,spicy,mild roasty,,
1068,creamy,nutty,delicate fruit,
1069,creamy,nutty,fruity,
1070,peanut,coffee,cocoa,bread
1071,creamy,nutty,earthy,
1072,creamy,cocoa,lemon,
1073,creamy,roasted nuts,fatty,
1074,creamy,nutty,cocoa,
1075,creamy,nutty,muted,
1076,creamy,sour,raisin,
1077,fatty,rich,berry notes,
1078,sour,sweet,rubber,
1079,heavy roast,black licorice,,
1080,sandy,strawberry,coconut,
1081,buttery,intense,spice,roasty
1082,molasses,roasty,,
1083,sandy,caramel,,
1084,very sandy,sweet,spicy,
1085,intense,tart,earthy,
1086,mild metallic,spice,tea,
1087,roasty,nutty,spicy,
1088,off notes,pungent,,
1089,woody,meaty,vegetal,
1090,intense,cherry,rich,metallic
1091,intense,molasses,fruit,
1092,gritty,unrefined,off notes,
1093,sandy,sweet,,
1094,full bodied,floral,,
1095,dairy,nutty,butterscotch,
1096,sweet,fruity,vanilla,
1097,floral,bourbon,salt,
1098,vanilla,gateway,,
1099,candy like,sweet,dairy,
1100,floral,tobacco,candied,
1101,complex,bold,gritty,
1102,bold,spice,sour fruit,gritty
1103,gritty,coffee,sweet,hammy
1104,off note,vanilla,basic cocoa,
1105,harsh,burnt nuts,powdery,
1106,brownie,,,
1107,nutty,cocoa,sour veggie,
1108,herbal,tea-like,,
1109,floral,earthy,grassy,
1110,raisins,prunes,,
1111,very sweet,basic cocoa,,
1112,candy-like,peanut butter,,
1113,nutty,sour milk,off note,
1114,creamy,floral,dried fruit,
1115,creamy,distinct,dried fruit,
1116,creamy,balanced,fig,cocoa
1117,sandy,sweet,acidic,
1118,creamy,black tea,vegetal,
1119,base cocoa,fruit,fatty,
1120,spicy,tobacco,,
1121,muted,grapes,astringent,
1122,intense,mint,marshmallow,
1123,creamy,mild marshmallow,,
1124,spicy,mild bitter,,
1125,fruity,floral,cooling sensation,
1126,sweet,vanilla,coffee,
1127,creamy,nutty,bitter,flat
1128,crumbly,vanilla,bitter,
1129,grassy,earthy,coffee,
1130,fatty,dark berry,grassy,
1131,sweet,vanilla domintates,nut,
1132,poor finish,cocoa,grassy,
1133,gritty,overly sweet,citrus,
1134,medium roast,nutty,,
1135,gritty,sour,berries,
1136,sticky,molasses,sour,
1137,intense,high acidity,,
1138,nuts,dried fruit,grassy,
1139,roasty,nutty,,
1140,astringent,smomkey cocoa,,
1141,light color,,,
1142,strawberry,intense,sour,
1143,intense,spicy,pungent,
1144,spicy,molasses,earthy,
1145,earthy,fatty,tea,
1146,nutty,sour milk,,
1147,nutty,pungent,sour,
1148,intense,pungent,tangy,
1149,creamy,mild flavors,,
1150,oranges,,,
1151,spicy,vanilla,dairy,
1152,astringent,unbalanced,off,
1153,vanilla,candy-like,sour milk,
1154,mild vanilla and mild fruit,,,
1155,vanilla,earth,cardboard,
1156,intense,bourbon,vanilla,
1157,smooth,rich,lemon,
1158,rich,spice,cheese,
1159,simple,rich hot cocoa,,
1160,creamy,cocoa,spice,
1161,cocoa,nutty,acidic,burning
1162,spicy,roasty,coffee,
1163,creamy,woody,nutty,
1164,berry,rich cocoa dominates,,
1165,floral,soapy,earthy,
1166,unrefined,sweet,basic cocoa,
1167,molasses,high acidity,,
1168,tart,molasses,grits,
1169,anise,spicy,earthy,
1170,earthy,molasses,dried fruit,
1171,fruit,cocoa,grape,
1172,dry,melon,cocoa,
1173,sandy,grapes,,
1174,roasty,dark berry,rich,
1175,cocoa,caramel,sweet,
1176,nutty,grassy,rich cocoa,
1177,rich cocoa,burning sensation,,
1178,rich,sweet,cocoa,intense
1179,rich,vegetal,banana,spice
1180,nutty,pear,sour milk,
1181,creamy,rich,dairy,nutty
1182,sweet,nutty,cocoa,
1183,brownie,cocoa,sour,sweet
1184,rich cocoa,mild fruit & nut,,
1185,citrus,prononced orange,,
1186,mild hammy,roasty,sour,
1187,fatty,roasty,coffee,off note
1188,nutty,woody,leathery,
1189,creamy,mild honey,floral,
1190,rich,roasty,nutty,smoke
1191,sandy,fatty,roasty,fruit
1192,smokey,rich cocoa,spice,
1193,slight burnt,astringent,fruit,
1194,roasty,nutty,rich cocoa,
1195,roasty,sour,cardboard,
1196,gritty,roasty,waxy,off
1197,chalky,fatty,sweet,
1198,chalky,cocoa,tangy,
1199,fatty,nutty,woody,
1200,spicy,grassy,roasty,
1201,complex,dairy,roasty,
1202,sandy,rich cocoa,,
1203,simple,earthy,cocoa,
1204,well balanced,melon,,
1205,sandy,light color,grape,
1206,base cocoa,mild ham,woody,
1207,sandy,off,hammy,
1208,intense,sticky,cocoa,
1209,cocoa,spice,fruit,
1210,subtle,spicy,banana,
1211,dried fruit,nutty,mushroom,
1212,red fruit,brownie,,
1213,roasty,black pepper,woody,
1214,floral,black licorice,,
1215,mild,licorice,coffee,cocoa
1216,strong raspberry,mocha,,
1217,smokey,mild berry,,
1218,brownie,,,
1219,woody,mocha,molasses,
1220,spoiled milk,sweet,molasses,
1221,sandy,citrus,,
1222,sweet edge,bright fruit,off,
1223,rich cocoa,spicy edge,,
1224,creamy,strawberry,cocoa,
1225,fatty,nutty,melon like,
1226,fatty,grassy,cocoa,
1227,fatty,roasty,cocoa,
1228,grits,roasted,nutty,
1229,harsh burnt,mild cocoa,tang,
1230,black pepper,vanilla,harsh,
1231,sandy,floral,vanilla,candy
1232,aluminum,mild coffee,roasty,
1233,strong,brandy,smoke,
1234,spicy,candied,complex,
1235,dairy,pudding,,
1236,sweet,candy-like,nutty,
1237,multiple off flavors,metallic,,
1238,intense mocha flavor,,,
1239,nutty,mild dairy,,
1240,smokey,earthy,cocoa,
1241,potting soil,,,
1242,oily,burnt,earthy,
1243,rustic,basic cocoa,earthy,
1244,marshmallow,rich brownie,,
1245,sticky,marshmallow,cocoa,
1246,watered down coffee,cocoa,,
1247,very sweet,caramel,candy,
1248,gritty,cocoa base,ashey,
1249,gritty,roasty,rubbery,
1250,intense,nutty,cocoa,
1251,sandy,woody,peanut butter,
1252,sandy,red berry,cocoa,
1253,sticky,bitter,nutty,
1254,raisiny,chewy,,
1255,sticky,strong vanilla,pepper,
1256,sandy,sweet,strong vanilla,
1257,vanilla,brownie,peanut,
1258,creamy,vanilla,rich fruit,
1259,creamy,burnt nuts,woody,
1260,strong vanilla,nut,coffee,
1261,intense vanilla,swiss miss,,
1262,fatty,vanilla,candy-like,
1263,vanilla,earthy,caramel,
1264,mild earthy,mild cocoa,nut,
1265,creamy,hay,nutty,
1266,nutty,cooling sensation,,
1267,creamy,nutty,mass market,
1268,chalky,astringent,vanilla,
1269,strong vanilla,some spice,,
1270,creamy,sublte grape notes,,
1271,cardboard,tea-like,,
1272,sandy,sweet,cocoa,
1273,gummy,smokey,hammy,
1274,sweet,vanilla,easter candy,
1275,creamy,crunchy,very sweet,
1276,hammy,unrecognizable,,
1277,berry,nutty,sour,
1278,nutty,green,,
1279,rubber,off medicinal,,
1280,soil,wet,off notes,
1281,muted,nutty,,
1282,molassses,intense,off,herb
1283,molasses,sweet,cocoa,
1284,banana,menthol,medicinal,
1285,oily,tangy,fruit,earthy
1286,orange,cocoa,,
1287,dried fruit,balanced,cocoa,
1288,smoke,fruit,,
1289,sweet,fatty,fig,
1290,dried fruit,spicy,sticky,intense
1291,cocoa,coconut,,
1292,chewy,brownie like,,
1293,grits,roaste brownie,,
1294,nutty,intense,roasty,
1295,coarse,intense,nutty,
1296,basic,balanced,deep cocoa,
1297,nutty,roasty,,
1298,fruity,tangy,cocoa,
1299,delicate,caramel,peanut,
1300,coarse,floral,rum,
1301,rich,bright fruit,,
1302,lemon,spicy,cocoa,
1303,grassy,woody,sweet,
1304,sweet,fatty,roasty,
1305,heavy roast,few grits,rich,
1306,roasty,coffee,rubber,
1307,intense,sour,tart,
1308,earthy,tobacco,ashey,
1309,complex,creamy,cherry,
1310,sweet,spicy,dirty,
1311,off notes,rubbery,hammy,
1312,pungent,tangy,grapes,
1313,pungent,grapes,brownie,
1314,smokey,dirty,sour,
1315,earthy,coffee,roasty,
1316,dried fruit,woody,dirty,
1317,citrus,,,
1318,roasty,coffee,,
1319,cocoa,spice,late sour,
1320,sticky,pepper,cinamon,rich
1321,melon,roasty,,
1322,creamy,fatty,black pepper,
1323,fatty,heavy roast,nutty,
1324,spicy and fragrant,,,
1325,roasty,rich,coffee,nut
1326,long,mild honey,rich cocoa,
1327,fatty,roasty,nutty,
1328,fatty,rubber,medicinal,
1329,waxy,rubber,medicinal,
1330,sandy,mild floral,mild nutty,
1331,sandy,earthy,sweet edge,
1332,sticky,pungent,off note,
1333,sticky,earthy,coffee,
1334,dry,sticky,nutty,earthy
1335,sticky,woody,musty,
1336,gritty,raspberry,sour,
1337,rich cocoa,coffee,roasty,
1338,gritty,tangy,cocoa,
1339,dry,gritty,red berry,coffee
1340,sandy,strawberry,sour,
1341,dry,sandy,intense,berry
1342,orange,lemon,coffee ground,
1343,gritty,high astringent,sour,
1344,gritty,sticky,smoke,hammy
1345,gritty,fruit,tart,rich
1346,gritty,sour,sweet,
1347,gritty,overly tart,sour,
1348,tart,deep choco,,
1349,green,vegetal,mild spice,
1350,mild bitter,citrus,intense,
1351,sticky,red fruit,,
1352,creamy,grassy,smoke,nut
1353,nutty,fruity,spicy,
1354,sticky,butterscotch,nutty,
1355,sweet,cherry,cream,raisin
1356,heavy roast,smoke,,
1357,roasty,coffee,,
1358,intense,burnt,bitter,spice
1359,sweet edge,sour fruit,,
1360,nutty,cheese,savory,
1361,roasty,hammy,dirty,
1362,gritty,sweet,earthy,
1363,cocoa,strawberry,,
1364,musty,woody,rubbery,roasty
1365,high roast,nutty,deep choco,
1366,spicy,metallic,molasses,
1367,fatty,sligthly bland,earthy,
1368,molasses,sweet,choco,
1369,pungent,off,,
1370,smooth,coconut,cocoa,
1371,creamy,coconut,cocoa,
1372,dry,floral,dirty,coconut
1373,floral,earthy,bitter,
1374,sticky,tart,slight burnt,
1375,uneven,smokey,hammy,
1376,intense,grassy,spicy,rich
1377,dried fruit,rich cocoa,,
1378,intense,ham,butterscotch,
1379,acidic,pomegrant,brownie,
1380,dairy,caramel,,
1381,fatty,bitter,woody,roasty
1382,earthy,floral,rubbery,
1383,creamy,fatty,mild cherry,
1384,fatty,creamy,olive,
1385,dried fruit,mild hammy,,
1386,roasty/smokey,high acidity,,
1387,accesible,simple cocoa note,,
1388,grape,mild smoke,sandy,
1389,creamy,raisins,licorice,
1390,grapefruit,spices,,
1391,tropical fruit and mild smoke,,,
1392,creamy,licorice,herbs,
1393,sweet,crisp nibs,,
1394,bitter coffee flavor,,,
1395,smooth,bold,bitter,
1396,cocoa,orange,,
1397,creamy,smoke,raspberry,
1398,raisins,melon,,
1399,sandy,earthy,fatty,
1400,dairy,cocoa,fatty,apple
1401,sandy,grits,nutty,vanilla
1402,leather,salt,,
1403,sticky,cardboard,why bother,
1404,chemical,salt,wtf,
1405,strawberry,cream,spice,
1406,molassses,palm,spicy,
1407,spicy,rich,mint,
1408,nutty,grassy,woody,
1409,woody,lemon,mild bitter,
1410,black pepper,dairy,,
1411,rum,herbal,rich,
1412,banana,melon,fatty,
1413,grape,cocoa,,
1414,candy spices,sweet,,
1415,complex,true to origin,,
1416,fatty,simple,,
1417,wine,brownie batter,,
1418,unrefined,burnt nuts,vanilla,
1419,sandy,nutmeg,astringent,
1420,dry,sandy,empty,sweet
1421,dry,sandy,dirt,empty
1422,grape,thick,chewy,
1423,cocoa,mild pear,sticky,
1424,cocounut,late sour,,
1425,intense,sour,hammy,
1426,dry,coffee notes from roaster,,
1427,sandy,harsh,floral,
1428,gritty,sweet,earty,
1429,slight grainy,roasty,spicy,
1430,tangy,roasty,ham,
1431,few grits,intense smoke,,
1432,complex,fruit,nut,rich
1433,sour fig,cocoa,creamy,fatty
1434,coarse,smokey,citrus,
1435,sticky,blackberry,acidic,
1436,powdery,intense,floral,
1437,rough,sweet,dairy,vanilla
1438,basic cocoa,,,
1439,strawberry,blueberry,,
1440,earthy,,,
1441,dirty,rubbery,spicy,
1442,cocoa,fig,classic,
1443,dark berry,earthy,,
1444,roasty,honey,sweet,
1445,dry,nutty,fruity,
1446,overly intense,tart,red fruit,
1447,intense,smokey,floral,
1448,unrefined,hay,sweet,
1449,unrefined,bright berry,sweet,
1450,fatty,floral,spicy,
1451,earthy,spicy,cocoa,
1452,chalky,powdery,molasses,
1453,light color,spicy,sweet,sour
1454,grassy,spicy,sweet,
1455,sweet,rich,,
1456,Fruity,Roasty,,
1457,gritty,tart,molasses,
1458,gritty,sweet,earthy,
1459,dry,earthy,atypical,
1460,sweet,molasses,gritty,
1461,earthy,spicy,cocoa,
1462,too sweet,earthy,off notes,
1463,sandy,oranges,,
1464,sandy,floral,spice,roasty
1465,orange,floral,caramel,
1466,sandy,intense,tropical fruit,
1467,coarse,sweet,,
1468,coarse,sweet,minty,
1469,bold,savory,creamy,
1470,strong,rubbery,woody,sweet
1471,brownie,toffee,,
1472,grassy,dirt,mild spice,
1473,intense,pungent,sour fruit,
1474,metallic,medicinal,pungent,
1475,dry,sandy,sweet,acidic
1476,pastey,complex,coffee,vanilla
1477,grassy,earthy,burnt,
1478,non descript,poor aftertaste,,
1479,pastey,strong off flavor,,
1480,complex,intense banana,,
1481,gritty,vanilla,non-descript,
1482,molasses,bright fruit,,
1483,molasses,malt,raisin,
1484,molasses,rum,tea,
1485,molasses,nut,roasty,bitter
1486,notes from sugar,,,
1487,single note,spicy,,
1488,spicy,red fruit,raisins,
1489,floral,cocoa,creamy,
1490,pungent,grape,sour,
1491,sweet,melon notes,,
1492,basic cocoa,sour ending,,
1493,spicy,vanilla,sweet,
1494,strong base cocoa,rubber,,
1495,sour,rubbery,off,
1496,roasty,mild orange,,
1497,nutty,high roast,spice,
1498,coconut,mild metallic,,
1499,sandy,strawberries,,
1500,woody,coffee,roasted cherry,
1501,fatty,honey,earthy,
1502,rich,cherry,smoke,cocoa
1503,rich,mild smoke,red fruit,
1504,fruity,sour,high astringent,
1505,intense,slightly burnt,,
1506,earthy,roasted nuts,,
1507,spicy,cocoa,hammy,
1508,cocoa,nut,dried fruit,rubbery
1509,nutty,banana,cocoa,
1510,grassy,vanilla,burnt,
1511,creamy,roasty,mild grape,
1512,intense grapes,sweet cocoa,,
1513,peanut butter,raspberry,,
1514,melon,earthy,tobacco,
1515,smokey,intense,coffee,
1516,intense,bitter,sour,smokey
1517,smoke,sour fruit,hammy,
1518,smoke,sour fruit,hammy,
1519,cocoa,roasty,nutty,
1520,bitter,intense,nutty,
1521,sweet,sandy,fruit,pungent
1522,off notes,sour,roasty,
1523,rich cocoa,one dimensional,,
1524,creamy,cherry,acidic,
1525,fatty,cheese,musty,
1526,sandy,cheese,sour,
1527,earthy,cheesy,,
1528,gritty,simple cocoa,burnt,
1529,sticky,berry,bitter,
1530,rubber,cocoa,bitter,
1531,creamy,medicinal,mint,bitter
1532,intense,medicinal,leathery,
1533,grits,strong vanilla,brownie,
1534,red berry,mild molasses,,
1535,intensely smokey,,,
1536,sweet,dried fruit,gateway,
1537,intense spice,coarse,,
1538,sandy,cinamon,high roast,
1539,spicy,sweet,high roast,
1540,sandy,ashey,mild fruit,
1541,sandy,roasty,fruity,
1542,grits,roasty,woody,
1543,fatty,bland,some spice,
1544,rich cocoa,bread notes,,
1545,vegetable and honey,,,
1546,creamy,sour banana,lemon,
1547,creamy,melon,subtle,
1548,creamy,mild bitter,coffee,
1549,fatty,dates,musty,
1550,muddy,pastey,sweet,vanilla
1551,sticky,tobacco,,
1552,dry,banana,molasses,
1553,sandy,molasses,brownie,
1554,sandy,green,spice,nuts
1555,sandy,rubber,spice,floral
1556,creamy,sweet,green,
1557,floral,rubber,vanilla,metallic
1558,waxy,sandy,floral,
1559,light color,complex,molasses,
1560,spice,mostly bitter,,
1561,creamy,spicy,cocoa,
1562,creamy,green fruit,candied,
1563,savory,smokey,,
1564,floral,green,tannic,
1565,complex,balanced,,
1566,creamy,tobacco,cocoa,
1567,vanilla,sweet,gateway,
1568,molasses,tart,vegetal,
1569,red fruit,intense,bright,
1570,mellow,fruity,brownie,
1571,intense floral,slight woody,,
1572,vinegar,sour,,
1573,earthy,nutty,black pepper,
1574,cocoa,melon,dairy,
1575,rich cocoa,dried fruit,,
1576,slow,sweet,spicy,
1577,maple,spicy,cocoa,
1578,strawberry,savory,,
1579,fruity,off rubber,,
1580,sticky,bold,nutty,fig
1581,grape,pungent,off sour,
1582,creamy,burnt rubber,off,
1583,intense spicy,floral,,
1584,intense,bitter,spicy,
1585,sandy,fruit,cocoa,sour
1586,fig,sour,rubbery,
1587,fruit,sour,roasty,
1588,cocoa,earthy,roasty,
1589,burnt caramel,coffee,,
1590,harsh,tobacco,roasty,
1591,mild nutty,basic cocoa,,
1592,mild spice,grapes,,
1593,gritty,woody,acidic,
1594,intense,blackberry,acidic,
1595,sour,earthy,roasty,
1596,nut,roasty,high astringent,
1597,fatty,woody,poor aftertaste,
1598,rubbery,buttery,soil,
1599,gritty,earthy,melon,
1600,gritty,sweet,off,
1601,mild tart,wine,red fruit,long
1602,simple red berry,rich,long,
1603,creamy,fruit forward,rich,
1604,earthy,nutty,,
1605,smooth,red berry,cocoa,
1606,creamy,cocoa,grapes,
1607,coarse,sweet,tart,earthy
1608,sticky,mild citrus,earthy,
1609,coarse,earthy,sweet,
1610,mild smokey,black licorice,,
1611,off aroma,anise,dried fruit,
1612,mild tart,long and rich,,
1613,rich cocoa,marshmallow,,
1614,red fruit,smokey,sour,
1615,rich cocoa,tart citrus,,
1616,tangy,floral,spicy,cocoa
1617,creamy,cocoa,grassy,
1618,cinamon,bitter aftertaste,,
1619,smokey,floral,mild,
1620,bland,subtle dairy,burning,
1621,chunky,rich and spicy,,
1622,berry notes with sweet edge,,,
1623,strong vanilla,nutty,spicey,
1624,bitter,coffee,cocoa,
1625,mild fruit,woody,,
1626,powdery,roasty,off flavor,
1627,rich cocoa,off flavor,,
1628,sweet,cream,cherry,rich
1629,creamy,fruity,mocha,
1630,swiss miss,pistachio,rich,
1631,banana,earthy ending,,
1632,intense,floral,leather,
1633,intense,dried fruit,roasty,
1634,tobacco,woody,rum,
1635,intense smoke,medicinal,,
1636,chunky,dairy,nutty,rich
1637,dry,sandy,earthy,leathery
1638,metal,earthy,pungent,
1639,metal,molasses,roasty,
1640,coarse,earthy,metal,sweet
1641,dry,red berry,off note,
1642,molasses,banana,chemical,
1643,bright red fruit,smoke,powerful,
1644,grass,chewy,nibs add bitterness,
1645,mint,candied,,
1646,fudgey,mild smoke,,
1647,grassy,earthy,,
1648,mildy nutty,cocoa,spice,
1649,dense,rich,nuanced,
1650,marshmallow,distinquished,,
1651,creamy,spicy,,
1652,vegetal,fruit,smoke,
1653,tart,fruit,cocoa,
1654,smoke dominates,mild fruit,,
1655,earthy,tobacco,mushroom,
1656,sandy,roasty,cocoa,
1657,creamy,fatty,burnt,
1658,large nibs,spicy,cocoa,
1659,complex,herbal,sour,
1660,fatty,mild fruit,bitter,smoke
1661,sandy,sour,,
1662,creamy,burnt,ashey,lemon
1663,nutty,red berry,rich,
1664,burnt nuts,subtle fruit,,
1665,subdued,floral,nutty,fatty
1666,deep cocoa,fatty,mild ashey,
1667,spicy,cocoa,,
1668,dried fruit,floral,,
1669,tobacco,deep cocoa,sl. burnt,
1670,rich cocoa,fatty,roasty,
1671,smoke,fat,hammy,
1672,complex,smoke,intense,
1673,fruit,woody,ashey,fatty
1674,roasty,black licorice,rubbery,
1675,high acidity,roasty,sour,chalky
1676,sandy,coffee,sweet,roasty
1677,sour palm,rich cocoa,fruit,
1678,molasses,coffee,cocoa,
1679,fruit,tart,fertilzer,
1680,long,mellow,buttery,
1681,perfume,roasted caramel,,
1682,nutty,fuel,intense,
1683,floral,slightly burnt,intense,
1684,dark berry,mild floral,,
1685,dairy,butterscotch,caramel,
1686,chunky,earthy,rubber,
1687,floral,grain,deep cocoa,
1688,sticky,mild,hay,honey
1689,dominant savory,,,
1690,fatty,vanilla,orange,
1691,peanut,soy,sunflower,
1692,intense,fig,roasty,citrus
1693,spice,sunflower,,
1694,few grits,strong floral,,
1695,intense smoke,,,
1696,muted,banana,hot cocoa,
1697,sweet,intense banana,,
1698,mild bitter,banana,citrus,
1699,sticky,intense,roasty,fruit
1700,tannic,fruity,cocoa,
1701,creamy,too sweet,sour,
1702,pungent,grapes,,
1703,bold,nutty,floral,wine
1704,intense plum,harsh woody,,
1705,waxy,gritty,spicy,hammy
1706,gritty,waxy,leather,
1707,creamy,pasty,bitter,cocoa
1708,gritty,sticky,candied,
1709,refined,honey,rubber,
1710,pungent,green,citrus,
1711,basic cocoa,,,
1712,green,,,
1713,Easter candy,burnt,,
1714,dried fruit,raisins,nutty,
1715,fruity,melon,,
1716,oily,intense vinegar,,
1717,fatty,cocoa,,
1718,creamy,complex,maple,
1719,dominant spice,,,
1720,floral,malt,high astringcy,
1721,floral,roasted cacao,dirty,
1722,grassy,earthy,roasty,dirty
1723,vanilla,dark roast,spicy,
1724,creamy,caramel,dairy,
1725,cinamon,hazelnut,roasty,
1726,strong rubber,off chemical,,
1727,strong spicey,earthy green,,
1728,dark berry,woody,astringent,
1729,dark berry,tropical,nutty,
1730,orange,heavy roast,,
1731,dried fruit,nut,bitter,roasty
1732,thick,slow,pure,
1733,intense,roasty,spice,
1734,mild bitter,woody,bourbon,
1735,sticky,woody,,
1736,floral,bourbon,balanced,
1737,smooth,coffee,rich cocoa,
1738,complex,honey,fruit,nut
1739,rich brownie,dried fruit,,
1740,muted,heavy roast,,
1741,fatty,rubbery,nutty,
1742,fatty,rubbery,off,
1743,dried fruit,intense,,
1744,fatty,honey,slight sour,
1745,roasty,coffee,intense,
1746,rich cocoa,nutty,,
1747,basic cocoa,large nibs,,
1748,raisins,sour,roasty,
1749,dry,honey,roasty,
1750,nutty,earthy,mild off note,
1751,sandy,heavy roast,woody,
1752,mint,sweet spices,,
1753,smooth,intense,fruit,complex
1754,rich brownie,roasty,sour,
1755,floral,bourbon,mocha,
1756,smooth,banana,tart,roasty
1757,intense,dark berry,spice,
1758,creamy,heavy roast,citrus,
1759,sticky,earthy,smokey,
1760,red fruit,intense,earthy,
1761,deep,rich,nutty,roasty
1762,roasty,dried fruit,sour,
1763,robust,tart,roasty,
1764,fatty,roasty,coffee,
1765,uneven melt,cashew,,
1766,smokey,nutty,fat residue,
1767,intense,burnt,chemical,
1768,fatty,chemical,roasty,
1769,buttery,sour tang,off notes,
1770,fatty,burnt,nut,vegetal
1771,nuts,chocolate,mellow,
1772,off note,vegetal,nibby,
1773,complex,coarse,astringent,
1774,cocoa base,spice,,
1775,grassy,maple,,
1776,grassy,strong bitter,,
1777,creamy,vanilla,rich,
1778,nutty,spicy,floral,
1779,nutty,basic cocoa,,
1780,floral,spicey,,
1781,few grits,basic,gateway,
1782,rustic,cherry,marshmallow,
1783,sweet,cherry,marshmallow,
1784,too sweet,candy-like,,
1785,sweet,marshmallow,,
1786,roasty,rich cocoa,marshmallow,
1787,perfume,vanilla,,
1788,cherry,mild bitter,,
1789,tobacco,sweet,dairy,
1790,dry,bitter,poor aftertaste,
1791,fruity,smokey,burnt,
1792,fresh nibs,chocolate base off,,
1793,complex,strawberry,tart,
1794,strong smokey tobacco,,,
1795,sweet,base cocoa,,
1796,smooth,complex,cocoa base,
1797,grassy,black pepper,smoke,
1798,simple,delicate cocoa,long,
1799,smooth,tart,earthy,
1800,creamy,grassy,banana,tart
1801,clingy,subtle,tangy,citrus
1802,smooth,grassy,minty,
1803,cherry,wine,rich,smoke
1804,banana,pear,spice,cheese
1805,rustic,vegetal,earthy,
1806,off,sweet,orange,rubber
1807,sticky,cherry,cocoa,
1808,earthy,mild fruit,sticky,
1809,dry,earthy,surface mark,
1810,cocoa,roasty,sticky,
1811,sharp,raw,metallic,
1812,full cocoa flavor,,,
1813,spicy,rich cocoa,sweet,
1814,black pepper,astringent,,
1815,fruity,blueberry,,
1816,coffee,nutty,,
1817,chewy,smoke,fruit,cocoa
1818,grapes,tangy,cocoa,
1819,sticky,dried fruit,smoke,
1820,smoked ham,tangy,berry,
1821,perfume,floral,chemical,
1822,sticky,earthy,medicinal,
1823,strong spice,perfume,roasty,
1824,earthy,roasty,vegetal,
1825,gritty,bold,black pepper,
1826,gritty,fatty,coffee,
1827,nutty,salty,,
1828,fatty,sweet,salty,
1829,fatty,cocoa,spicy,
1830,fatty,salty,caramel,
1831,tart,sweet edge,,
1832,intense fruity,mild sour,,
1833,intense,rich,burnt,licorice
1834,waxy,maple,flat,
1835,oily,medium roasted cocoa,,
1836,creamy,tart,bitter,
1837,floral,bourbon,bitter,
1838,waxy,earthy,cocoa,roasty
1839,rich cocoa,spicy,,
1840,sticky,raisins,fudgey,
1841,basic cocoa,gateway,,
1842,caramel,anise,dried fruit,
1843,mild,nutty,vanilla,cocoa
1844,sweet,vanilla,cocoa,mold
1845,creamy,pistachio,floral,
1846,bold cherry,rich cooa,,
1847,cigar,tobacco,grass,spice
1848,mild cacao and fruit notes,,,
1849,few grits,bold,dark berry,
1850,smokey,tart,astringent,
1851,few grits,sweet,orange,
1852,light brown,grits,floral,
1853,floral,intense,pungent,
1854,ligt color,creamy,peanut,
1855,creamy,fruit,cocoa,
1856,apple,mild cherry,,
1857,delicate,smooth,dairy,
1858,gummy,fatty,earthy,
1859,creamy,molasses,off note,
1860,cherry,rich choco,,
1861,complex,earthy,melon,
1862,fudgey then spicy,vanilla,,
1863,mild cocoa,fruity,,
1864,perfume,strong chemical,,
1865,nuts,fruit,cocoa,
1866,grassy,hammy,,
1867,tangy,sour,intense,
1868,intense,simple,floral,earthy
1869,sticky,hammy,bitter,
1870,sticky,sandy,pungent,
1871,intense,dirty,floral,medicinal
1872,sweet,roasty,spicy,
1873,spicy,roasted,fresh nibs,
1874,creamy,nutty,cocoa,
1875,intense,leathery,cocoa,
1876,molasses,grape,sour,
1877,dry,molasses,sour,
1878,dairy,cheese,molasses,
1879,molasses,licorice,muted,
1880,sticky,strong molasses,,
1881,molasses undertone,tangy,,
1882,subtle red berry,complex,,
1883,black tea,,,
1884,earthy,woody,vegetal,
1885,smokey,mushroom,woodsy,
1886,sticky,few grits,mild fruit,sour
1887,slow to develop,nutty,,
1888,complex,nut,dried fruit,earth
1889,complex,spice,caramel,cocoa
1890,strawberry,cocoa,nutty,
1891,dried fruit,tart,,
1892,earthy,mild tannic,woody,
1893,strawberry,green mint,,
1894,super temper,astringent,burn,
1895,creamy,raisin,lemon,
1896,creamy,complex,peanut,
1897,cranberries,cocoa,,
1898,intense,rich burnt caramel,,
1899,sandy,earthy,tangy wine,
1900,smoke,tobacco,black pepper,
1901,mild smoke,fruit,mild burnt,
1902,uneven,grassy,roasty,
1903,pronounced berry,mild smoke,,
1904,delicate,nutty,cocoa,dairy
1905,roasted nuts,burnt brownie,,
1906,floral,berry,clove,
1907,smoke,burnt caramel,citrus,
1908,creamy,brownie mix,roasty,
1909,nutty,chocolate ice cream,,
1910,creamy,smokey,some fruit,
1911,grassy,dairy,mild fatty,
1912,creamy,nutty,roasty,
1913,creamy,medicinal,mild fruit,
1914,creamy,sour orange,,
1915,creamy,smokey,rich cocoa,
1916,basic chocolate,accessible,,
1917,robust,nutty,brownie,
1918,spicy,woodsy,,
1919,tart,mild sour,,
1920,balanced,nuts,strawberry,
1921,roasted nuts,dried fruit,,
1922,creamy,honey,blackberry,
1923,evolves black pepper to citrus,,,
1924,banana,nutty,,
1925,creamy,sweet,deep choco,
1926,robust dark tropical fruit,,,
1927,creamy,diluted,mild choco,
1928,nutty,banana,harsh ending,
1929,creamy,honey,marshmallow,
1930,creamy,roasty,woody,
1931,creamy,acidic,balanced,
1932,nutty,cocoa,,
1933,sweet edge,lemon,muted,
1934,intense,tannic,choco,earthy
1935,earthy,dried fruit,complex,
1936,tart,sour,basic,
1937,dry,earthy,roasty,
1938,sticky,mild fruit,brownie,
1939,few grits,sweet,cocoa,
1940,dry,floral,earthy,
1941,sandy,smokey,fruit,sour
1942,oily,floral,,
1943,oily,floral,dairy,
1944,fatty,muted strawberry,,
1945,bready,sour milk,fatty,
1946,floral,sandy,,
1947,powdery,cherry,astringent,
1948,spicy,chocolatey,,
1949,sandy,robust,grapes,malt
1950,floral,astringent,,
1951,floral,earthy,burnt rubber,
1952,fatty,mild fruit,off note,
1953,unrefined,sweet,mild coffee,
1954,gritty,intense coffee,metallic,
1955,coconut,mild vanilla,,
1956,coconut,cocoa,few grits,
1957,dried fruit,coconut,few grits,
1958,brownie,few grits,sandy,
1959,red fruit,coconut,,
1960,peanut butter,vanilla,artificial,
1961,creamy,vanilla,moldy,
1962,floral,hints of fruit,,
1963,oily surface,floral,earthy,
1964,fatty,rubber,off notes,
1965,bland,earthy,,
1966,vanilla,sweet,,
1967,dry,sweet,vanilla(n),
1968,intense,rich,dark berry,
1969,molasses,sour,astringent,
1970,powdery,vanilla,earthy,
1971,sandy,sweet,vanilla,
1972,sticky,sweet,nutty,roasty
1973,sticy,nutty,roasty,off notes
1974,ham,sour,intense,
1975,fruit,burnt,harsh,
1976,acidic,cocoa,dried fruit,
1977,buttery,cheesy,,
1978,cardboard,cheesy,,
1979,fatty,sour,off notes,
1980,pungent,molasses,sour,
1981,burnt black licorice,intense,,
1982,savory lemon,ham,,
1983,dried fig,earthy,dirty,
1984,rustic,sugar dominates,,
1985,sweet,spicy,,
1986,rustic,large unground pieces,,
1987,rustic,bright fruit,,
1988,light color,sandy,fruity,
1989,dark color,sandy,fruity,
1990,sour milk,hot cocoa,,
1991,sandy,banana,,
1992,sandy,earthy,spice,nutty
1993,coarse,spicy cinnamon,,
1994,rustic,earthy,tea,
1995,sweet,brownie,sour,
1996,rustic,spicy,earthy,
1997,sour orange,fatty,,
1998,smokey,mild citrus,,
1999,vanilla,fatty,vegetal,mint
2000,licorice,dried fruit,burnt fuel,
2001,oily,cardboard,sour,
2002,vanilla,fuel,earthy,
2003,creamy,smoke,ham,
2004,vanilla,butter,caramel,
2005,flat,smoke,marshmallow,
2006,intense,grassy,smokey,
2007,intense cocoa,fatty,sticky,
2008,cocoa,sweet,fatty,cardboard
2009,earthy,floral,dry,
2010,fig,,,
2011,blackberry,dirt,high roast,
2012,vanilla,fatty,,
2013,nutty,fruit,sour,floral
2014,nutty,off,roasty,fatty
2015,sandy,sour banana,sweet,
2016,rustic,sweet,earthy,
2017,grainy,blueberries,bitter,
2018,coarse,watering,sweet,
2019,dry,red berry,off note,
2020,gritty,sweet,swiss miss,vanilla
2021,tangy,off,musty,sour
2022,dry,musty,flat,
2023,nutty,candy-like,,
2024,tea,sweet,astringent,
2025,strong vanilla,sweet,fatty,
2026,molasses,caramel,,
2027,honey,pepper,charcoal,
2028,gritty,rum,molasses,
2029,molasses,fruit,floral,
2030,molasses,caramel,,
2031,green apple,sweet,,
2032,molasses,caramel,spice,
2033,molasses,caramel,fruity,
2034,sticky,caramel,,
2035,earthy,savory,hammy,
2036,molasses,off notes,,
2037,candy,peanut butter,caramel,
2038,flat,cardboard,metallic,
2039,perfume,chemical,soapy,
2040,sweet,rich,tannic,fruity
2041,creamy,almond,butter,
2042,intense,mild coffee and rum,,
2043,nutty,raspberry,metallic,
2044,bright fruit,mild sour,,
2045,walnuts,cocoa,easy melt,
2046,spicy,black pepper,bold,
2047,floral,earthy,bourbon,
2048,spicy,black pepper,intense,
2049,muted,roasted banana,,
2050,berries,licorice,cocoa,bitter
2051,harsh,tobacco,,
2052,sandy,sweet,raisins,
2053,sandy,sweet,blueberry,
2054,dry,slightly tart,bitter,
2055,sandy,sweet,fruity,
2056,dry,gritty,hint of fruit,sour
2057,dry,very bland,mild bitter,
2058,sweet,vanilla,cocoa,
2059,peanut butter,sour milk,,
2060,pure,bold,floral,
2061,spicy,marshmallow,,
2062,floral,vegetal,,
2063,bright fruit,cashew,,
2064,bland,mild honey,sour,
2065,waxy,mild fruit,floral,
2066,pronounced fruit,sour,,
2067,peanut butter,soapy,,
2068,sandy,sweet,,
2069,honey,caramel,,
2070,spicy,cocoa,sweet,
2071,metallic,astringent,,
2072,dull,chewy,sweet,
2073,nutty,floral,,
2074,baked,roasty,coffee,
2075,sweet,pungent grape,acidic,
2076,powdery,complex,rubber,
2077,very sandy,spicey,sweet,
2078,tart,sweet,sour,savory
2079,woody,sweet,unrefined,
2080,roasty,woody,rubber off,
2081,roasty,sligt burnt,red fruit,
2082,roasty,bitter,caramel,dairy
2083,intense,red berry,,
2084,intense,floral,,
2085,spicy,sour,off note,
2086,dry,floral,woody,
2087,coarse,sweet,lemon,
2088,dry,coarse,sour,
2089,dry,coarse,sweet,earthy
2090,dry,coarse,hay,off
2091,tart,tangy,mild cocoa,
2092,creamy,woody,green,rubber
2093,sandy,sweet,peach,
2094,sweet,acidic,tart,
2095,intense,nutty,mild rubber,
2096,spice,melon,nutty,
2097,roasty cocoa,,,
2098,roasted strawberry,bold,,
2099,subtle,smooth,earthy,long
2100,red berry,rich cocoa,,
2101,slight bitter,woody,,
2102,modest,creamy,cocoa,
2103,nutty,vegetal,sweet,
2104,creamy,blueberry,raspberry,
2105,sandy,vegetal,cocoa,
2106,creamy,cherry,,
2107,creamy,rich,licorice,
2108,nutty and bitter dominate,,,
2109,berries,tart,bitter,
2110,creamy,fatty,very bitter,
2111,cocoa dominates,woodsy,,
2112,rich cocoa,hot spice,,
2113,creamy,cocoa,bread,
2114,creamy,honey,peanut butter,
2115,intense sweet,nut,orange,
2116,green,unripened fruit,banana,
2117,yogurt,lemon,licorice,
2118,complex,herbs,fruit,dairy
2119,intense,dark berry,grapes,
2120,intense,rich,sweet,
2121,fatty,bland,very astringent,
2122,fatty,sour,spoiled,
2123,fatty,bitter,sour,
2124,peanut butter,coffee,mint,
2125,complex,nibs too soft,,
2126,dark berry,roasty,,
2127,earthy,sour,intense,
2128,smokey,earthy,nutty,
2129,sweet,fruity,heavy roast,
2130,mellow fruit,tart,mild bitter,
2131,spicy,roasty,acidic,dairy
2132,spicy,nutmeg,brownie,
2133,intense,cocoa,spicy,fruit
2134,spicy,dairy,,
2135,sandy,sweet,nutty,
2136,sticky,cocoa,earthy,
2137,chalky,peach,bland,
2138,mild metallic,brownie,earth,
2139,intense,mild bitter,roasty,
2140,intense,tart,sour,raisin
2141,creamy,cocoa,pungent,
2142,sweet,simple,cocoa,
2143,pungent,metallic,,
2144,nutty,off notes,,
2145,earthy,vanilla,,
2146,vanilla,late cocoa notes,,
2147,dry,rich,roasty,
2148,grapes,pungent,,
2149,earthy,roasty,,
2150,nuts,fruit,poor aftertaste,
2151,creamy,fruit,poor aftertaste,
2152,sandy,sweet,coffee,
2153,slow develop,bitter,metallic,
2154,mild,metallic,,
2155,light color,grit,metallic,
2156,creamy,earthy,nutty,
2157,sandy,rich,earthy,
2158,smokey,fruity,sour,
2159,dry,nutty,cocoa,
2160,dry,mild fruit,,
2161,mild nutty and fruit,savory,,
2162,rich cocoa,spicy,cinamon,
2163,strong malt,choco pudding,,
2164,nutty,fig,short length,
2165,nutty,rubber,,
2166,intense,creamy,nutty,
2167,flat,molasses,creamy,
2168,nutty,tart,coffee,
2169,brownie,fruit,fudge,
2170,melon,,,
2171,roasty,metallic,coffee,
2172,mild fruit,chemical off,,
2173,creamy,woody,mild metallic,
2174,intense,bourbon,,
2175,sandy,intense,mild nutty,
2176,salt noticeable,vanilla,,
2177,nutty,basic cocoa,,
2178,coarse,sweet,candy,licorice
2179,overly sweet,dirty,,
2180,sour milk,molasses,sweet,
2181,spciy,cardamom,off flavor,
2182,rich base cocoa,sweet,,
2183,nutty,earthy,hammy,
2184,sandy,mild sour,mild fruit,
2185,sandy,nutty,mocha,
2186,heavy smoke,fruit,ham,
2187,very sweet,heavy roast,nuts,
2188,sticky,mellow choco,dairy,
2189,smoke,tart,burnt cocoa,
2190,tobacco,over roasted,,
2191,melon,mild tart,bitter,fatty
2192,sticky,off notes of rubber,,
2193,sticky,strong bitter,spice,
2194,intense prune and berry,,,
2195,oily,honey,light rum,
2196,toffee,caramel,butterscotch,
2197,smokey,dried fruit,balanced,
2198,oily,sweet,choco,nutty
2199,large grits,sweet,dried fruit,
2200,sandy,basic cocoa,,
2201,intense earthy,,,
2202,fatty,herbal,earthy,
2203,woody,butterscotch,,
2204,creamy,fatty,mild nutty,
2205,creamy,masculine,earthy,
2206,oily,subdued,caramel,salt
2207,dairy,salt,caramel,
2208,spice,caramel,toffee,salty
2209,strawberry,Cadbury egg,,
2210,oily,earthy,caramel,salty
2211,dairy,burnt caramel,coffee,
2212,butterscotch,pepper,,
2213,smooth,spicy,floral,
2214,smooth,intense blueberry,,
2215,creamy,caramel,salt,sweet
2216,woody,toast,pepper,
2217,creamy,nutty,bready,
2218,hint of smoke,fruit,,
2219,waxy,cloying,vegetal,
2220,strong nutty,marshmallow,,
2221,muted,roasty,accessible,
2222,fatty,mild nuts,mild fruit,
2223,fatty,earthy,cocoa,
